Designator,Val,Package,Mid X,Mid Y,Rotation,Layer
C1,100nF,C_0603_1608Metric_Pad1.05x0.95mm_HandSolder,109.900000,-76.800000,180.000000,top
C2,4.7uF_1206_50V,C_1206_3216Metric_Pad1.42x1.75mm_HandSolder,133.800000,-80.000000,0.000000,top
C3,10uF_1206_50V,C_1206_3216Metric_Pad1.42x1.75mm_HandSolder,134.900000,-88.000000,90.000000,top
C4,100nF,C_0603_1608Metric_Pad1.05x0.95mm_HandSolder,132.700000,-87.400000,270.000000,top
C5,10nF,C_0603_1608Metric_Pad1.05x0.95mm_HandSolder,130.800000,-87.375000,270.000000,top
C6,100uF,CP_EIA-3528-12_Kemet-T,121.000000,-76.400000,0.000000,top
C7,1uF,C_0603_1608Metric_Pad1.05x0.95mm_HandSolder,121.700000,-91.100000,180.000000,top
C8,47uF_1206_25V,C_1206_3216Metric_Pad1.42x1.75mm_HandSolder,127.000000,-83.900000,90.000000,top
C9,1uF,C_0603_1608Metric_Pad1.05x0.95mm_HandSolder,117.100000,-76.400000,90.000000,top
C10,10uF,CP_EIA-3216-18_Kemet-A,121.100000,-89.100000,180.000000,top
C11,100nF,C_0603_1608Metric_Pad1.05x0.95mm_HandSolder,134.800000,-77.000000,0.000000,top
C12,100nF,C_0603_1608Metric_Pad1.05x0.95mm_HandSolder,127.900000,-77.100000,0.000000,top
C13,10uF,CP_EIA-3216-18_Kemet-A,116.000000,-89.100000,180.000000,top
C14,100nF,C_0603_1608Metric_Pad1.05x0.95mm_HandSolder,105.800000,-86.500000,0.000000,top
C15,1uF,C_0603_1608Metric_Pad1.05x0.95mm_HandSolder,109.900000,-82.600000,0.000000,top
C16,100nF,C_0603_1608Metric_Pad1.05x0.95mm_HandSolder,134.300000,-69.000000,0.000000,top
C17,100nF,C_0603_1608Metric_Pad1.05x0.95mm_HandSolder,127.800000,-69.100000,0.000000,top
C25,100nF,C_0603_1608Metric_Pad1.05x0.95mm_HandSolder,133.900000,-60.700000,0.000000,top
C26,100nF,C_0603_1608Metric_Pad1.05x0.95mm_HandSolder,127.700000,-60.700000,0.000000,top
IC1,ISO1541DR,SOIC-8_3.9x4.9mm_P1.27mm,131.100000,-57.100000,180.000000,top
J6,JST_SH_Conn_01x04_i2c_vertical,JST_SH_BM04B-SRSS-TB_1x04-1MP_P1.00mm_Vertical,140.300000,-58.000000,90.000000,top
J7,MMCX,MMCX_JLC,106.400000,-90.100000,90.000000,top
L1,6.8uH,L_1210_3225Metric_Pad1.42x2.65mm_HandSolder,133.600000,-83.500000,180.000000,top
PS1,B0512S-1WR3,Converter_DCDC_muRata_CRE1xxxxxx3C_THT,138.000000,-81.400000,0.000000,top
Q1,BC847C,SOT-23,126.000000,-88.400000,180,top
R1,1K,R_0603_1608Metric_Pad1.05x0.95mm_HandSolder,129.000000,-88.400000,90.000000,top
R2,100,R_0603_1608Metric_Pad1.05x0.95mm_HandSolder,114.400000,-86.800000,180.000000,top
R3,4.7K,R_0603_1608Metric_Pad1.05x0.95mm_HandSolder,124.800000,-66.700000,90.000000,top
U2,AMS1117-5.0,SOT-223-3_TabPin2,120.100000,-83.100000,90.000000,top
U3,MCP4726,SOT-23-6,106.050000,-83.620000,0.000000,top
U4,PI120,SOIC-8_3.9x4.9mm_P1.27mm,131.300000,-73.100000,90,top
U5,REF3025,SOT-23,109.900000,-79.700000,180,top
U6,PI122,SOIC-8_3.9x4.9mm_P1.27mm,131.400000,-65.300000,90,top
